official_identifier,common_name,service_name,cms_type,base_url
ABC,"Armagh City, Banbridge and Craigavon",councillors,Custom HTML,https://www.armaghbanbridgecraigavon.gov.uk/councillors/
ABD,Aberdeenshire,councillors,ModernGov,https://aberdeenshire.moderngov.co.uk
ABE,Aberdeen City,councillors,ModernGov,https://committees.aberdeencity.gov.uk
ADU,Adur,councillors,ModernGov,https://democracy.adur-worthing.gov.uk
AGB,Argyll and Bute,councillors,Custom HTML (Paged),https://www.argyll-bute.gov.uk/councillor_list
AGY,Isle of Anglesey,councillors,ModernGov,http://democracy.anglesey.gov.uk
ALL,Allerdale,councillors,ModernGov,https://democracy.allerdale.gov.uk
AMB,Amber Valley,councillors,JSON API,https://info.ambervalley.gov.uk/WebServices/AVBCFeeds/DemocracyJSON.asmx
AND,Ards and North Down,councillors,Custom HTML,https://ardsandnorthdown.gov.uk/article/1631/Councillor-Search
ANN,Antrim and Newtownabbey,councillors,Custom HTML,https://antrimandnewtownabbey.gov.uk/councillors/
ANS,Angus,councillors,Custom HTML,https://www.angus.gov.uk/councillors
ARU,Arun,councillors,ModernGov,http://democracy.arun.gov.uk
ASF,Ashford,councillors,ModernGov,http://ashford.moderngov.co.uk
ASH,Ashfield,councillors,ModernGov,https://democracy.ashfield.gov.uk
AYL,Aylesbury Vale,councillors,ModernGov,https://democracy.aylesburyvaledc.gov.uk/
BAB,Babergh,councillors,ModernGov,http://baberghmidsuffolk.moderngov.co.uk
BAE,Bassetlaw,councillors,ModernGov,https://bassetlaw.moderngov.co.uk
BAI,Basildon,councillors,ModernGov,https://www.basildonmeetings.info
BAN,Basingstoke and Deane,councillors,ModernGov,https://democracy.basingstoke.gov.uk
BAR,Barrow-in-Furness,councillors,ModernGov,https://democracy.barrowbc.gov.uk
BAS,Bath and North East Somerset,councillors,ModernGov,https://democracy.bathnes.gov.uk
BBD,Blackburn with Darwen,councillors,ModernGov,https://democracy.blackburn.gov.uk
BDF,Bedford Borough Council,councillors,ModernGov,https://councillorsupport.bedford.gov.uk
BDG,Barking and Dagenham,councillors,ModernGov,https://lbbd.moderngov.co.uk/
BEN,Brent,councillors,ModernGov,http://democracy.brent.gov.uk
BEX,Bexley,councillors,ModernGov,http://democracy.bexley.gov.uk
BFS,Belfast,councillors,ModernGov,https://minutes3.belfastcity.gov.uk
BGE,Bridgend,councillors,ModernGov,https://democratic.bridgend.gov.uk
BGW,Blaenau Gwent,councillors,ModernGov,http://democracy.blaenau-gwent.gov.uk
BIR,Birmingham,councillors,CMIS,https://birmingham.cmis.uk.com/birmingham/Councillors.aspx
BKM,Buckinghamshire,councillors,ModernGov,https://democracy.buckscc.gov.uk/
BLA,Blaby,councillors,ModernGov,https://w3.blaby.gov.uk/decision-making
BNE,Barnet,councillors,ModernGov,https://barnet.moderngov.co.uk
BNH,Brighton and Hove,councillors,ModernGov,http://present.brighton-hove.gov.uk
BNS,Barnsley,councillors,ModernGov,http://barnsleymbc.moderngov.co.uk
BOL,Bolton,councillors,ModernGov,https://bolton.moderngov.co.uk
BOS,Bolsover,councillors,ModernGov,https://committees.bolsover.gov.uk
BOT,Boston,councillors,ModernGov,https://democracy.boston.gov.uk
BPC,"Bournemouth, Christchurch and Poole",councillors,ModernGov,http://democracy.bcpcouncil.gov.uk
BPL,Blackpool,councillors,ModernGov,http://democracy.blackpool.gov.uk
BRA,Braintree,councillors,CMIS,http://braintree.cmis.uk.com/braintree/Councillors.aspx
BRC,Bracknell Forest,councillors,ModernGov,http://democratic.bracknell-forest.gov.uk
BRD,Bradford,councillors,ModernGov,https://bradford.moderngov.co.uk
BRE,Breckland,councillors,ModernGov,http://democracy.breckland.gov.uk
BRM,Bromsgrove,councillors,ModernGov,http://moderngovwebpublic.bromsgrove.gov.uk
BRO,Broadland,councillors,ModernGov,https://democracy.southnorfolkandbroadland.gov.uk
BRT,Broxtowe,councillors,ModernGov,http://democracy.broxtowe.gov.uk
BRW,Brentwood,councillors,ModernGov,http://brentwood.moderngov.co.uk
BRX,Broxbourne,councillors,ModernGov,https://broxbourne.moderngov.co.uk
BRY,Bromley,councillors,ModernGov,https://cds.bromley.gov.uk
BST,Bristol City Council,councillors,ModernGov,https://democracy.bristol.gov.uk
BUC,Buckinghamshire,councillors,ModernGov,https://buckinghamshire.moderngov.co.uk
BUN,Burnley,councillors,ModernGov,https://burnley.moderngov.co.uk
BUR,Bury,councillors,ModernGov,https://councildecisions.bury.gov.uk
CAB,Cambridge,councillors,ModernGov,https://democracy.cambridge.gov.uk
CAM,Cambridgeshire,councillors,CMIS,https://cambridgeshire.cmis.uk.com/ccc_live/Councillors.aspx
CAN,Cannock Chase,councillors,Custom HTML,https://www.cannockchasedc.gov.uk/council/about-council/your-councillors
CAR,Carlisle,councillors,CMIS,https://carlisle.cmis.uk.com/CarlisleCityCouncillors.aspx
CAS,Castle Point,councillors,CMIS,https://castlepoint.cmis.uk.com/castlepoint/Councillors.aspx
CAT,Canterbury,councillors,ModernGov,https://democracy.canterbury.gov.uk
CAY,Caerphilly,councillors,ModernGov,https://democracy.caerphilly.gov.uk
CBD,Cumberland,councillors,ModernGov,https://cumberland.moderngov.co.uk
CBF,Central Bedfordshire,councillors,Custom HTML,https://www.centralbedfordshire.gov.uk/directory/14/your_councillors/category/67
CCG,Causeway Coast and Glens,councillors,Custom HTML,https://www.causewaycoastandglens.gov.uk/council/councillors
CGN,Ceredigion,councillors,ModernGov,https://council.ceredigion.gov.uk
CHA,Charnwood,councillors,ModernGov,https://charnwood.moderngov.co.uk
CHC,Christchurch,councillors,ModernGov,http://moderngovcbc.christchurchandeastdorset.gov.uk
CHE,Cheshire East,councillors,ModernGov,http://moderngov.cheshireeast.gov.uk
CHI,Chichester,councillors,ModernGov,http://chichester.moderngov.co.uk
CHL,Chelmsford,councillors,Custom HTML,https://www.chelmsford.gov.uk/your-council/councillors-committees-and-decision-making/councillors/find-a-councillor/
CHN,Chiltern,councillors,ModernGov,https://isa.chiltern.gov.uk/democracy/
CHO,Chorley,councillors,ModernGov,https://democracy.chorley.gov.uk
CHR,Cherwell,councillors,ModernGov,http://modgov.cherwell.gov.uk
CHS,Chesterfield,councillors,ModernGov,http://chesterfield.moderngov.co.uk
CHT,Cheltenham,councillors,ModernGov,https://democracy.cheltenham.gov.uk
CHW,Cheshire West and Chester,councillors,ModernGov,http://cmttpublic.cheshirewestandchester.gov.uk
CLD,Calderdale,councillors,ModernGov,https://calderdale.moderngov.co.uk
CLK,Clackmannanshire,councillors,Custom HTML,https://www.clacks.gov.uk/council/wards/
CMA,Cumbria,councillors,ModernGov,https://councilportal.cumbria.gov.uk/
CMD,Camden,councillors,ModernGov,https://democracy.camden.gov.uk
CMN,Carmarthenshire,councillors,ModernGov,http://democracy.carmarthenshire.gov.wales
COL,Colchester,councillors,CMIS,http://colchester.cmis.uk.com/colchester/Councillors.aspx
CON,Cornwall,councillors,ModernGov,https://democracy.cornwall.gov.uk
COP,Copeland Borough Council,councillors,ModernGov,http://copeland.moderngov.co.uk
COT,Cotswold,councillors,ModernGov,https://meetings.cotswold.gov.uk
COV,Coventry,councillors,ModernGov,https://edemocracy.coventry.gov.uk
CRF,Cardiff,councillors,ModernGov,http://cardiff.moderngov.co.uk
CRW,Crawley,councillors,ModernGov,http://democracy.crawley.gov.uk
CRY,Croydon,councillors,ModernGov,https://democracy.croydon.gov.uk
CWY,Conwy,councillors,ModernGov,https://modgovpub-eng.secure.conwy.gov.uk
DAC,Dacorum,councillors,ModernGov,https://democracy.dacorum.gov.uk
DAL,Darlington,councillors,ModernGov,https://democracy.darlington.gov.uk
DAR,Dartford,councillors,ModernGov,https://dartford.moderngov.co.uk
DAV,Daventry,councillors,CMIS,http://cmis.daventrydc.gov.uk/daventry/Councillors/tabid/63/ScreenMode/Alphabetical/Default.aspx
DBY,Derbyshire,councillors,ModernGov,http://democracy.derbyshire.gov.uk
DEB,Derbyshire Dales,councillors,ModernGov,https://democracy.derbyshiredales.gov.uk
DEN,Denbighshire,councillors,ModernGov,https://moderngov.denbighshire.gov.uk
DER,Derby,councillors,CMIS,https://democracy.derby.gov.uk/cmis5/Councillors/tabid/62/ScreenMode/Alphabetical/Default.aspx
DEV,Devon,councillors,ModernGov,https://democracy.devon.gov.uk/
DGY,Dumfries and Galloway,councillors,ModernGov,https://dumfriesgalloway.moderngov.co.uk
DNC,Doncaster Metropolitan Borough Council,councillors,ModernGov,http://doncaster.moderngov.co.uk
DND,Dundee City,councillors,Custom HTML,https://www.dundeecity.gov.uk/service-area/councillors/councillors-political-wards-ward-number
DOR,Dorset,councillors,ModernGov,https://dorset.moderngov.co.uk/
DOV,Dover,councillors,ModernGov,http://moderngov.dover.gov.uk
DRS,Derry City and Strabane,councillors,ModernGov,https://meetings.derrycityandstrabanedistrict.com
DST,Dorset Council,councillors,ModernGov,http://moderngov.dorsetcouncil.gov.uk
DUD,Dudley,councillors,CMIS,http://cmis.dudley.gov.uk/cmis5/Councillors.aspx
DUR,County Durham,councillors,ModernGov,https://democracy.durham.gov.uk
EAL,Ealing,councillors,ModernGov,https://ealing.moderngov.co.uk
EAS,Eastbourne,councillors,ModernGov,https://democracy.lewes-eastbourne.gov.uk
EAT,Eastleigh,councillors,ModernGov,https://meetings.eastleigh.gov.uk
EAY,East Ayrshire,councillors,Custom HTML,https://www.east-ayrshire.gov.uk/CouncilAndGovernment/About-the-Council/Councillors-and-Provost/YourCouncillor.aspx
ECA,East Cambridgeshire,councillors,Custom HTML,https://www.eastcambs.gov.uk/council-and-democracy/search-for-councillors
EDE,East Devon,councillors,ModernGov,http://democracy.eastdevon.gov.uk
EDH,Edinburgh,councillors,ModernGov,http://democracy.edinburgh.gov.uk
EDN,Eden,councillors,ModernGov,https://democracy.eden.gov.uk
EDO,East Dorset,councillors,ModernGov,http://moderngoveddc.christchurchandeastdorset.gov.uk
EDU,East Dunbartonshire,councillors,Custom HTML,https://www.eastdunbarton.gov.uk/residents/council-democracy/committees-and-councillors/councillors-2017
EHA,East Hampshire,councillors,ModernGov,http://easthants.moderngov.co.uk
EHE,East Hertfordshire,councillors,ModernGov,http://democracy.eastherts.gov.uk
ELI,East Lindsey,councillors,ModernGov,https://democracy.e-lindsey.gov.uk
ELM,Elmbridge,councillors,ModernGov,http://mygov.elmbridge.gov.uk
ELN,East Lothian,councillors,Custom HTML,https://www.eastlothian.gov.uk/councillors/name
ELS,Na h-Eileanan an Iar,councillors,Custom HTML,https://cne-siar.gov.uk/home/your-council/council-members/
ENF,Enfield,councillors,ModernGov,https://governance.enfield.gov.uk
EPP,Epping Forest,councillors,ModernGov,http://rds.eppingforestdc.gov.uk
EPS,Epsom and Ewell,councillors,ModernGov,https://democracy.epsom-ewell.gov.uk
ERE,Erewash,councillors,ModernGov,http://moderngov.erewash.gov.uk
ERW,East Renfrewshire,councillors,Custom HTML,https://www.eastrenfrewshire.gov.uk/Find-my-councillor
ERY,East Riding of Yorkshire,councillors,Custom HTML,https://www.eastriding.gov.uk/council/councillors-and-members-of-parliament/find-a-councillor/
ESK,East Suffolk,councillors,CMIS,https://eastsuffolk.cmis.uk.com/eastsuffolk/councillors.aspx
ESS,Essex,councillors,CMIS,http://cmis.essex.gov.uk/EssexCmis5/Councillors.aspx
EST,East Staffordshire,councillors,Custom HTML,http://eaststaffsbc.gov.uk/council-democracy/councillors
ESX,East Sussex,councillors,ModernGov,https://democracy.eastsussex.gov.uk
EXE,Exeter,councillors,ModernGov,http://committees.exeter.gov.uk
FAL,Falkirk,councillors,Custom HTML,https://www.falkirk.gov.uk/services/council-democracy/councillors-decision-making/councillors/
FAR,Fareham,councillors,ModernGov,http://moderngov.fareham.gov.uk
FEN,Fenland,councillors,ModernGov,https://www.fenland.gov.uk/localgov/
FIF,Fife,councillors,Custom HTML,https://www.fife.gov.uk/kb/docs/articles/about-your-council2/politicians-and-committees/your-local-councillors/councillor
FLN,Flintshire,councillors,ModernGov,https://cyfarfodyddpwyllgor.siryfflint.gov.uk
FMO,Fermanagh and Omagh,councillors,Custom HTML,https://www.fermanaghomagh.com/your-council/councillors/
FOE,Forest of Dean,councillors,ModernGov,https://meetings.fdean.gov.uk/
FOR,Forest Heath,councillors,ModernGov,https://democracy.westsuffolk.gov.uk
FYL,Fylde,councillors,CMIS,https://fylde.cmis.uk.com/fylde/CouncillorsandMP.aspx
GAT,Gateshead,councillors,ModernGov,http://democracy.gateshead.gov.uk
GED,Gedling,councillors,ModernGov,https://democracy.gedling.gov.uk
GLG,Glasgow City,councillors,Custom HTML,https://onlineservices.glasgow.gov.uk/councillorsandcommittees/allMembers.asp?sort=0&page=0&rec=100
GLO,Gloucester,councillors,ModernGov,http://democracy.gloucester.gov.uk
GLS,Gloucestershire,councillors,ModernGov,https://glostext.gloucestershire.gov.uk/
GOS,Gosport,councillors,ModernGov,https://democracy.gosport.gov.uk/
GRA,Gravesham,councillors,ModernGov,https://democracy.gravesham.gov.uk
GRE,Greenwich,councillors,ModernGov,https://committees.royalgreenwich.gov.uk
GRT,Guildford,councillors,ModernGov,https://democracy.guildford.gov.uk
GRY,Great Yarmouth,councillors,CMIS,https://great-yarmouth.cmis.uk.com/great-yarmouth/Councillors/tabid/63/ScreenMode/Alphabetical/Default.aspx
GWN,Gwynedd,councillors,ModernGov,https://democracy.cyngor.gwynedd.gov.uk
HAA,Havant,councillors,ModernGov,http://havant.moderngov.co.uk
HAE,Hambleton,councillors,ModernGov,http://democracy.hambleton.gov.uk
HAG,Harrogate,councillors,ModernGov,https://democracy.harrogate.gov.uk
HAL,Halton,councillors,ModernGov,http://councillors.halton.gov.uk
HAM,Hampshire,councillors,ModernGov,http://democracy.hants.gov.uk/
HAO,Harborough,councillors,CMIS,https://cmis.harborough.gov.uk/cmis5/Councillors.aspx
HAR,Harlow,councillors,ModernGov,http://moderngov.harlow.gov.uk
HAS,Hastings,councillors,ModernGov,http://hastings.moderngov.co.uk
HAT,Hart,councillors,ModernGov,http://hart.moderngov.co.uk
HAV,Havering,councillors,ModernGov,http://democracy.havering.gov.uk
HCK,London Borough of Hackney,councillors,ModernGov,https://hackney.moderngov.co.uk
HEF,Herefordshire,councillors,ModernGov,http://councillors.herefordshire.gov.uk
HER,Hertsmere,councillors,ModernGov,https://hertsmere.moderngov.co.uk/
HIG,High Peak,councillors,ModernGov,https://democracy.highpeak.gov.uk
HIL,Hillingdon,councillors,ModernGov,http://modgov.hillingdon.gov.uk
HIN,Hinckley and Bosworth,councillors,ModernGov,http://moderngov.hinckley-bosworth.gov.uk
HLD,Highland,councillors,Custom HTML,https://www.highland.gov.uk/councillors/name
HMF,Hammersmith and Fulham,councillors,ModernGov,https://democracy.lbhf.gov.uk
HNS,Hounslow,councillors,ModernGov,https://democraticservices.hounslow.gov.uk
HOR,Horsham,councillors,ModernGov,http://horsham.moderngov.co.uk
HPL,Hartlepool,councillors,Custom HTML,https://www.hartlepool.gov.uk/councillors/name
HRT,Hertfordshire,councillors,ModernGov,https://democracy.hertfordshire.gov.uk/
HRW,Harrow,councillors,ModernGov,https://moderngov.harrow.gov.uk
HRY,Haringey,councillors,ModernGov,http://www.minutes.haringey.gov.uk
HUN,Huntingdonshire,councillors,ModernGov,https://democracy.huntingdonshire.gov.uk/moderngov/
HYN,Hyndburn,councillors,ModernGov,https://democracy.hyndburnbc.gov.uk
IOS,Isles of Scilly,councillors,ModernGov,http://committees.scilly.gov.uk
IOW,Isle of Wight,councillors,ModernGov,https://iow.moderngov.co.uk
IPS,Ipswich,councillors,ModernGov,https://democracy.ipswich.gov.uk
ISL,Islington,councillors,ModernGov,http://democracy.islington.gov.uk
IVC,Inverclyde,councillors,Custom HTML,https://www.inverclyde.gov.uk/meetings/councillors
KEC,Kensington and Chelsea,councillors,ModernGov,https://www.rbkc.gov.uk/Committees
KEN,Kent,councillors,ModernGov,https://democracy.kent.gov.uk/
KHL,Kingston upon Hull,councillors,CMIS,https://cmis.hullcc.gov.uk/cmis/CouncillorsandSeniorOfficers/CouncillorsandSeniorOfficers.aspx
KIN,King's Lynn and West Norfolk,councillors,ModernGov,http://democracy.west-norfolk.gov.uk
KIR,Kirklees,councillors,ModernGov,http://democracy.kirklees.gov.uk
KTT,Kingston upon Thames,councillors,ModernGov,https://moderngov.kingston.gov.uk
KWL,Knowsley,councillors,ModernGov,http://councillors.knowsley.gov.uk
LAC,Lancaster,councillors,ModernGov,http://committeeadmin.lancaster.gov.uk
LAN,Lancashire,councillors,ModernGov,http://council.lancashire.gov.uk/
LBC,Lisburn and Castlereagh,councillors,Custom HTML,https://www.lisburncastlereagh.gov.uk/en/council-and-performance/councillors-and-committees
LBH,Lambeth,councillors,ModernGov,https://moderngov.lambeth.gov.uk
LCE,Leicester City Council,councillors,ModernGov,https://cabinet.leicester.gov.uk/
LDS,Leeds,councillors,ModernGov,http://democracy.leeds.gov.uk
LEC,Leicestershire,councillors,ModernGov,https://democracy.leics.gov.uk
LEE,Lewes,councillors,ModernGov,http://democracy.lewes-eastbourne.gov.uk/
LEW,London Borough of Lewisham,councillors,ModernGov,http://councilmeetings.lewisham.gov.uk
LIC,City of Lincoln,councillors,ModernGov,https://democratic.lincoln.gov.uk
LIF,Lichfield,councillors,ModernGov,https://democracy.lichfielddc.gov.uk
LIN,Lincolnshire,councillors,ModernGov,https://lincolnshire.moderngov.co.uk/
LIV,Liverpool City Council,councillors,ModernGov,https://councillors.liverpool.gov.uk
LUT,Luton,councillors,CMIS,http://democracy.luton.gov.uk/cmis5public/Councillors.aspx
MAI,Maidstone,councillors,ModernGov,https://meetings.maidstone.gov.uk/
MAL,Maldon,councillors,ModernGov,https://democracy.maldon.gov.uk
MAN,Manchester,councillors,ModernGov,https://democracy.manchester.gov.uk
MAS,Mansfield District Council,councillors,ModernGov,https://mansfield.moderngov.co.uk
MAV,Malvern Hills,councillors,ModernGov,http://moderngov.malvernhills.gov.uk
MDB,Middlesbrough Borough Council,councillors,ModernGov,https://moderngov.middlesbrough.gov.uk
MDE,Mid Devon,councillors,ModernGov,https://democracy.middevon.gov.uk
MDW,Medway,councillors,ModernGov,https://democracy.medway.gov.uk
MEA,Mid and East Antrim,councillors,Custom HTML,https://www.midandeastantrim.gov.uk/council/councillors
MEL,Melton,councillors,ModernGov,https://democracy.melton.gov.uk
MIK,Milton Keynes,councillors,ModernGov,https://milton-keynes.moderngov.co.uk
MLN,Midlothian,councillors,CMIS,https://midlothian.cmis.uk.com/live/Councillors.aspx
MOL,Mole Valley,councillors,Custom HTML,https://www.molevalley.gov.uk/councillors-decision-making/who-are-your-councillors/
MON,Monmouthshire,councillors,ModernGov,https://democracy.monmouthshire.gov.uk
MRT,Merton,councillors,ModernGov,http://democracy.merton.gov.uk
MRY,Moray,councillors,CMIS,https://moray.cmis.uk.com/moray/CouncilandGovernance/Councillors.aspx
MSS,Mid Sussex,councillors,ModernGov,http://midsussex.moderngov.co.uk/
MSU,Mid Suffolk,councillors,ModernGov,http://baberghmidsuffolk.moderngov.co.uk
MTY,Merthyr Tydfil,councillors,ModernGov,http://democracy.merthyr.gov.uk
MUL,Mid Ulster,councillors,CMIS,https://mid-ulster.cmis-ni.org/midulster/Councillors.aspx
NAY,North Ayrshire,councillors,CMIS,https://north-ayrshire.cmis.uk.com/north-ayrshire/Councillors/CurrentCouncillors.aspx
NBL,Northumberland,councillors,ModernGov,http://northumberland.moderngov.co.uk
NDE,North Devon,councillors,ModernGov,https://democracy.northdevon.gov.uk/
NDO,North Dorset,councillors,ModernGov,http://moderngovdcp.dorsetforyou.gov.uk
NEA,Newark and Sherwood,councillors,ModernGov,https://democracy.newark-sherwooddc.gov.uk
NEC,Newcastle-under-Lyme,councillors,ModernGov,http://moderngov.newcastle-staffs.gov.uk
NED,North East Derbyshire,councillors,ModernGov,https://democracy.ne-derbyshire.gov.uk
NEL,North East Lincolnshire,councillors,Custom HTML,https://www.nelincs.gov.uk/your-council/councillors-mps-and-meps/find-your-councillor/councillors-by-party/
NET,Newcastle upon Tyne,councillors,ModernGov,http://democracy.newcastle.gov.uk
NEW,New Forest,councillors,ModernGov,https://democracy.newforest.gov.uk
NFK,Norfolk,councillors,CMIS,https://norfolkcc.cmis.uk.com/norfolkcc/Councillors.aspx
NGM,Nottingham,councillors,ModernGov,http://committee.nottinghamcity.gov.uk
NHE,North Hertfordshire,councillors,ModernGov,https://democracy.north-herts.gov.uk
NKE,North Kesteven,councillors,ModernGov,https://democracy.n-kesteven.gov.uk/
NLK,North Lanarkshire,councillors,CMIS,https://northlanarkshire.cmis.uk.com/Councillors.aspx
NLK,North Lanarkshire,councillors,CMIS,https://northlanarkshire.cmis.uk.com/Councillors.aspx
NLN,North Lincolnshire,councillors,ModernGov,http://northlincolnshire.moderngov.co.uk
NMD,"Newry, Mourne and Down ",councillors,Custom HTML,https://www.newrymournedown.org/your-councillors
NNO,North Norfolk,councillors,ModernGov,https://modgov.north-norfolk.gov.uk
NNT,North Northamptonshire,councillors,ModernGov,https://northnorthants.moderngov.co.uk
NOR,Northampton,councillors,ModernGov,http://www.northamptonboroughcouncil.com/councillors
NOW,Norwich,councillors,CMIS,https://cmis.norwich.gov.uk/live/Councillors.aspx
NSM,North Somerset,councillors,ModernGov,http://n-somerset.moderngov.co.uk
NTH,Northamptonshire,councillors,CMIS,https://cmis.northamptonshire.gov.uk/cmis5live/Councillors.aspx
NTL,Neath Port Talbot,councillors,ModernGov,https://democracy.npt.gov.uk
NTT,Nottinghamshire,councillors,CMIS,https://www.nottinghamshire.gov.uk/dms/Councillors/tabid/63/ScreenMode/Alphabetical/Default.aspx
NTY,North Tyneside Council,councillors,ModernGov,http://democracy.northtyneside.gov.uk
NUN,Nuneaton and Bedworth,councillors,Custom HTML,https://www.nuneatonandbedworth.gov.uk/councillors
NWA,North Warwickshire,councillors,Custom HTML,https://www.northwarks.gov.uk/councillors
NWL,North West Leicestershire,councillors,ModernGov,http://minutes-1.nwleics.gov.uk
NWM,London Borough of Newham,councillors,ModernGov,https://mgov.newham.gov.uk
NWP,Newport,councillors,ModernGov,https://democracy.newport.gov.uk/
NYE,North Yorkshire,councillors,ModernGov,https://edemocracy.northyorks.gov.uk
NYK,North Yorkshire,councillors,ModernGov,http://edemocracy.northyorks.gov.uk
OAD,Oadby and Wigston,councillors,ModernGov,https://moderngov.oadby-wigston.gov.uk
OLD,Oldham,councillors,ModernGov,http://committees.oldham.gov.uk
ORK,Orkney Islands,councillors,Custom HTML,https://www.orkney.gov.uk/your-council/councillors/councillors/
OXF,Oxfordshire,councillors,ModernGov,https://mycouncil.oxfordshire.gov.uk
OXO,Oxford,councillors,ModernGov,https://mycouncil.oxford.gov.uk
PEM,Pembrokeshire,councillors,ModernGov,http://mgenglish.pembrokeshire.gov.uk
PEN,Pendle,councillors,Custom HTML,https://www.pendle.gov.uk/councillors/name
PKN,Perth and Kinross,councillors,CMIS,https://perth-and-kinross.cmis.uk.com/perth-and-kinross/Councillors/OverviewofCouncillors.aspx
PLY,Plymouth,councillors,ModernGov,https://democracy.plymouth.gov.uk
POR,Portsmouth,councillors,ModernGov,http://democracy.portsmouth.gov.uk
POW,Powys,councillors,ModernGov,http://powys.moderngov.co.uk
PRE,Preston,councillors,ModernGov,http://preston.moderngov.co.uk
PTE,Peterborough,councillors,ModernGov,http://democracy.peterborough.gov.uk
RCC,Redcar and Cleveland,councillors,ModernGov,https://rcbc.moderngov.co.uk
RCH,Rochdale,councillors,ModernGov,http://democracy.rochdale.gov.uk
RCT,Rhondda Cynon Taf,councillors,ModernGov,https://rctcbc.moderngov.co.uk
RDB,Redbridge,councillors,ModernGov,http://moderngov.redbridge.gov.uk
RDG,Reading,councillors,ModernGov,http://democracy.reading.gov.uk
RED,Redditch,councillors,ModernGov,http://moderngovwebpublic.redditchbc.gov.uk
REI,Reigate and Banstead,councillors,ModernGov,https://reigate-banstead.moderngov.co.uk
RFW,Renfrewshire,councillors,CMIS,https://renfrewshire.cmis.uk.com/renfrewshire/Councillors.aspx
RIB,Ribble Valley,councillors,ModernGov,http://democracy.ribblevalley.gov.uk
RIC,Richmond upon Thames,councillors,ModernGov,https://cabnet.richmond.gov.uk
RIH,Richmondshire,councillors,ModernGov,http://democracy.richmondshire.gov.uk
ROC,Rochford,councillors,CMIS,https://rochford.cmis.uk.com/rochford/Members/tabid/62/ScreenMode/Alphabetical/Default.aspx
ROH,Rother,councillors,ModernGov,https://rother.moderngov.co.uk/
ROS,Rossendale,councillors,Custom HTML,https://www.rossendale.gov.uk/councillors
ROT,Rotherham,councillors,ModernGov,https://moderngov.rotherham.gov.uk
RUG,Rugby,councillors,Custom HTML,https://www.rugby.gov.uk/councillors/
RUH,Rushmoor,councillors,ModernGov,https://democracy.rushmoor.gov.uk/
RUN,Runnymede,councillors,ModernGov,https://democracy.runnymede.gov.uk
RUS,Rushcliffe,councillors,ModernGov,https://democracy.rushcliffe.gov.uk
RUT,Rutland,councillors,ModernGov,http://rutlandcounty.moderngov.co.uk
RYE,Ryedale,councillors,ModernGov,http://democracy.ryedale.gov.uk
SAL,St Albans,councillors,ModernGov,http://stalbans.moderngov.co.uk
SAW,Sandwell,councillors,ModernGov,https://sandwell.moderngov.co.uk
SAY,South Ayrshire,councillors,Custom HTML,https://www.south-ayrshire.gov.uk/councillors/
SBU,South Bucks,councillors,ModernGov,http://sbdc-spider2.southbucks.gov.uk/democracy/
SCA,South Cambridgeshire,councillors,ModernGov,http://scambs.moderngov.co.uk
SCB,Scottish Borders,councillors,ModernGov,http://scottishborders.moderngov.co.uk
SCE,Scarborough,councillors,ModernGov,https://democracy.scarborough.gov.uk
SDE,South Derbyshire,councillors,CMIS,http://south-derbys.cmis.uk.com/south-derbys/Councillors.aspx
SED,St Edmundsbury,councillors,ModernGov,https://democracy.westsuffolk.gov.uk
SEG,Sedgemoor,councillors,Custom HTML,https://www.sedgemoor.gov.uk/councillors
SEL,Selby,councillors,ModernGov,https://democracy.selby.gov.uk
SEV,Sevenoaks,councillors,ModernGov,http://cds.sevenoaks.gov.uk
SFK,Suffolk,councillors,Custom HTML,https://www.suffolk.gov.uk/council-and-democracy/councillors-and-elected-representatives/find-your-councillor/?ward=&action=SEARCH&party=&name=
SFT,Sefton,councillors,ModernGov,https://modgov.sefton.gov.uk
SGC,South Gloucestershire,councillors,ModernGov,https://council.southglos.gov.uk
SHA,South Hams,councillors,ModernGov,https://democracy.swdevon.gov.uk/
SHF,Sheffield,councillors,ModernGov,http://democracy.sheffield.gov.uk
SHN,St. Helens,councillors,ModernGov,https://sthelens.moderngov.co.uk
SHO,South Holland,councillors,ModernGov,https://democracy.sholland.gov.uk
SHR,Shropshire,councillors,ModernGov,https://shropshire.gov.uk/committee-services/
SKE,South Kesteven,councillors,ModernGov,http://moderngov.southkesteven.gov.uk
SKP,Stockport,councillors,ModernGov,http://democracy.stockport.gov.uk
SLA,South Lakeland,councillors,ModernGov,http://democracy.southlakeland.gov.uk
SLF,Salford City Council,councillors,ModernGov,https://sccdemocracy.salford.gov.uk
SLG,Slough,councillors,ModernGov,https://democracy.slough.gov.uk
SLK,South Lanarkshire,councillors,CMIS,https://southlanarkshire.cmis.uk.com/southlanarkshire/Councillors.aspx
SMT,Somerset,councillors,ModernGov,https://democracy.somerset.gov.uk
SND,Sunderland,councillors,CMIS,https://committees.sunderland.gov.uk/committees/cmis5/Members.aspx
SNO,South Norfolk,councillors,ModernGov,https://democracy.southnorfolkandbroadland.gov.uk
SNR,South Northamptonshire,councillors,ModernGov,http://modgov.southnorthants.gov.uk
SOL,Solihull,councillors,ModernGov,https://democracy.solihull.gov.uk
SOM,Somerset,councillors,ModernGov,http://democracy.somerset.gov.uk
SOS,Southend-on-Sea,councillors,ModernGov,http://democracy.southend.gov.uk
SOX,South Oxfordshire,councillors,ModernGov,http://democratic.southoxon.gov.uk
SPE,Spelthorne,councillors,ModernGov,https://democracy.spelthorne.gov.uk
SRI,South Ribble,councillors,ModernGov,http://southribble.moderngov.co.uk
SRY,Surrey,councillors,ModernGov,https://mycouncil.surreycc.gov.uk
SSO,South Somerset,councillors,ModernGov,http://modgov.southsomerset.gov.uk
SST,South Staffordshire,councillors,CMIS,https://southstaffs.cmis.uk.com/Councillors.aspx
STA,Stafford,councillors,Custom HTML,https://www.staffordbc.gov.uk/DemServCouncillors
STE,Stoke-on-Trent,councillors,ModernGov,http://www.moderngov.stoke.gov.uk
STF,Staffordshire Moorlands,councillors,ModernGov,https://democracy.staffsmoorlands.gov.uk
STG,Stirling,councillors,Custom HTML,https://www.stirling.gov.uk/council-and-committees/politicians-and-elections/councillors/
STH,Southampton,councillors,ModernGov,https://www.southampton.gov.uk/modernGov/
STN,Sutton,councillors,ModernGov,https://moderngov.sutton.gov.uk
STO,Stroud,councillors,ModernGov,https://stroud.moderngov.co.uk
STR,Stratford-on-Avon,councillors,ModernGov,https://democracy.stratford.gov.uk
STS,Staffordshire,councillors,ModernGov,https://moderngov.staffordshire.gov.uk
STT,Stockton-on-Tees,councillors,ModernGov,https://moderngov.stockton.gov.uk
STV,Stevenage,councillors,ModernGov,http://democracy.stevenage.gov.uk
STY,South Tyneside,councillors,Custom HTML,https://www.southtyneside.gov.uk/article/13598/councillors-a-to-z?p=1063
SUF,Suffolk Coastal,councillors,CMIS,https://eastsuffolk.cmis.uk.com/eastsuffolk/councillors.aspx
SUR,Surrey Heath,councillors,ModernGov,http://surreyheath.moderngov.co.uk
SWA,Swansea,councillors,ModernGov,https://democracy.swansea.gov.uk
SWD,Swindon,councillors,ModernGov,https://ww5.swindon.gov.uk/moderngov
SWK,Southwark,councillors,ModernGov,http://moderngov.southwark.gov.uk
SWL,Swale,councillors,ModernGov,http://services.swale.gov.uk
SWT,Somerset West and Taunton,councillors,ModernGov,http://democracy.somersetwestandtaunton.gov.uk
TAM,Tameside,councillors,ModernGov,http://tameside.moderngov.co.uk
TAN,Tandridge,councillors,ModernGov,https://tandridge.moderngov.co.uk
TAU,Taunton Deane,councillors,ModernGov,https://democracy.tauntondeane.gov.uk
TAW,Tamworth,councillors,ModernGov,http://democracy.tamworth.gov.uk
TEI,Teignbridge,councillors,ModernGov,http://democracy.teignbridge.gov.uk
TEN,Tendring,councillors,ModernGov,http://tdcdemocracy.tendringdc.gov.uk
TES,Test Valley,councillors,ModernGov,https://democracy.testvalley.gov.uk
TEW,Tewkesbury,councillors,ModernGov,http://minutes.tewkesbury.gov.uk
TFW,Telford and Wrekin,councillors,ModernGov,http://democracy.telford.gov.uk
THA,Thanet,councillors,ModernGov,http://democracy.thanet.gov.uk
THE,Three Rivers,councillors,ModernGov,https://moderngov.threerivers.gov.uk
THR,Thurrock,councillors,ModernGov,https://democracy.thurrock.gov.uk/
TOB,Torbay Council,councillors,ModernGov,https://www.torbay.gov.uk/DemocraticServices/
TOF,Torfaen,councillors,ModernGov,http://moderngov.torfaen.gov.uk
TON,Tonbridge and Malling,councillors,ModernGov,https://democracy.tmbc.gov.uk
TOR,Torridge,councillors,ModernGov,https://democracy.torridge.gov.uk
TRF,Trafford,councillors,ModernGov,https://democratic.trafford.gov.uk
TUN,Tunbridge Wells,councillors,ModernGov,https://democracy.tunbridgewells.gov.uk
TWH,London Borough of Tower Hamlets,councillors,ModernGov,https://democracy.towerhamlets.gov.uk
UTT,Uttlesford,councillors,ModernGov,https://uttlesford.moderngov.co.uk
VAL,Vale of White Horse,councillors,ModernGov,http://democratic.whitehorsedc.gov.uk
VGL,The Vale of Glamorgan,councillors,Custom HTML,https://www.valeofglamorgan.gov.uk/en/our_council/Council-Structure/councillors/Councillors.aspx
WAE,Waverley,councillors,ModernGov,https://modgov.waverley.gov.uk
WAF,Westmorland and Furness,councillors,ModernGov,https://westmorlandandfurness.moderngov.co.uk
WAR,Warwickshire,councillors,ModernGov,https://democracy.warwickshire.gov.uk/
WAT,Watford Borough Council,councillors,ModernGov,http://watford.moderngov.co.uk
WAW,Warwick,councillors,CMIS,https://estates8.warwickdc.gov.uk/cmis/
WBK,West Berkshire,councillors,ModernGov,http://decisionmaking.westberks.gov.uk
WDE,West Devon,councillors,ModernGov,https://democracy.swdevon.gov.uk/
WDO,West Dorset,councillors,ModernGov,https://moderngovdcp.dorsetforyou.gov.uk
WDU,West Dunbartonshire,councillors,CMIS,https://wdccmis.west-dunbarton.gov.uk/cmis5/Councillors.aspx
WEA,Wealden,councillors,ModernGov,http://council.wealden.gov.uk
WEL,Wellingborough,councillors,Custom Base,
WEW,Welwyn Hatfield,councillors,ModernGov,http://democracy.welhat.gov.uk
WEY,Weymouth and Portland,councillors,ModernGov,http://moderngovdcp.dorsetforyou.gov.uk
WFT,Waltham Forest,councillors,ModernGov,https://democracy.walthamforest.gov.uk
WGN,Wigan,councillors,ModernGov,http://democracy.wigan.gov.uk
WIL,Wiltshire,councillors,ModernGov,http://cms.wiltshire.gov.uk
WIN,Winchester,councillors,ModernGov,https://democracy.winchester.gov.uk
WKF,Wakefield,councillors,ModernGov,http://mg.wakefield.gov.uk
WLA,West Lancashire,councillors,ModernGov,https://democracy.westlancs.gov.uk
WLI,West Lindsey,councillors,ModernGov,https://democracy.west-lindsey.gov.uk
WLL,Walsall,councillors,CMIS,https://cmispublic.walsall.gov.uk/cmis/Councillors.aspx
WLN,West Lothian,councillors,Custom HTML,https://westlothian.gov.uk/councillors
WLV,Wolverhampton,councillors,ModernGov,http://wolverhampton.moderngov.co.uk
WND,Wandsworth,councillors,ModernGov,https://democracy.wandsworth.gov.uk
WNM,Windsor and Maidenhead,councillors,ModernGov,http://rbwm.moderngov.co.uk
WNT,West Northamptonshire,councillors,ModernGov,https://westnorthants.moderngov.co.uk
WOC,Worcester,councillors,ModernGov,http://committee.worcester.gov.uk
WOI,Woking,councillors,ModernGov,https://moderngov.woking.gov.uk
WOK,Wokingham,councillors,ModernGov,http://wokingham.moderngov.co.uk
WOR,Worcestershire,councillors,ModernGov,http://worcestershire.moderngov.co.uk
WOT,Worthing,councillors,ModernGov,https://democracy.adur-worthing.gov.uk
WOX,West Oxfordshire,councillors,ModernGov,https://meetings.westoxon.gov.uk
WRL,Wirral,councillors,ModernGov,http://democracy.wirral.gov.uk
WRT,Warrington,councillors,Custom HTML,https://www.warrington.gov.uk/councillors
WRX,Wrexham,councillors,ModernGov,https://moderngov.wrexham.gov.uk
WSK,West Suffolk,councillors,ModernGov,https://democracy.westsuffolk.gov.uk
WSM,Westminster,councillors,ModernGov,http://committees.westminster.gov.uk
WSO,West Somerset,councillors,ModernGov,https://democracy.westsomerset.gov.uk
WSX,West Sussex,councillors,ModernGov,https://westsussex.moderngov.co.uk
WYC,Wychavon,councillors,ModernGov,https://mgov.wychavon.gov.uk
WYE,Wyre Forest,councillors,Custom HTML,https://forms.wyreforestdc.gov.uk/council/committees/com55.htm
WYO,Wycombe,councillors,ModernGov,https://councillors.wycombe.gov.uk
WYR,Wyre,councillors,ModernGov,https://wyre.moderngov.co.uk
YOR,York,councillors,ModernGov,http://democracy.york.gov.uk
ZET,Shetland Islands,councillors,Custom HTML,https://coins.shetland.gov.uk/allMembers.asp?sort=0&page=0&rec=24
